Description,URL
CSV-items-sold,https://storage.googleapis.com/seismic-ground-410711.appspot.com/invoices_csv/_invoice_items_march_24.csv
Invoice 1,https://storage.googleapis.com/seismic-ground-410711.appspot.com/invoices_pdf/_invoice_1
Invoice 2,https://storage.googleapis.com/seismic-ground-410711.appspot.com/invoices_pdf/_invoice_2
Invoice 3,https://storage.googleapis.com/seismic-ground-410711.appspot.com/invoices_pdf/_invoice_3
Invoice 4,https://storage.googleapis.com/seismic-ground-410711.appspot.com/invoices_pdf/_invoice_4
Invoice 5,https://storage.googleapis.com/seismic-ground-410711.appspot.com/invoices_pdf/_invoice_5
Invoice 6,https://storage.googleapis.com/seismic-ground-410711.appspot.com/invoices_pdf/_invoice_6
Invoice 7,https://storage.googleapis.com/seismic-ground-410711.appspot.com/invoices_pdf/_invoice_7
Invoice 8,https://storage.googleapis.com/seismic-ground-410711.appspot.com/invoices_pdf/_invoice_8
Invoice 9,https://storage.googleapis.com/seismic-ground-410711.appspot.com/invoices_pdf/_invoice_9
Invoice 10,https://storage.googleapis.com/seismic-ground-410711.appspot.com/invoices_pdf/_invoice_10
Invoice 11,https://storage.googleapis.com/seismic-ground-410711.appspot.com/invoices_pdf/_invoice_11
Invoice 12,https://storage.googleapis.com/seismic-ground-410711.appspot.com/invoices_pdf/_invoice_12
Invoice 13,https://storage.googleapis.com/seismic-ground-410711.appspot.com/invoices_pdf/_invoice_13
Invoice 14,https://storage.googleapis.com/seismic-ground-410711.appspot.com/invoices_pdf/_invoice_14
Invoice 15,https://storage.googleapis.com/seismic-ground-410711.appspot.com/invoices_pdf/_invoice_15
Invoice 16,https://storage.googleapis.com/seismic-ground-410711.appspot.com/invoices_pdf/_invoice_16
Invoice 17,https://storage.googleapis.com/seismic-ground-410711.appspot.com/invoices_pdf/_invoice_17
Invoice 18,https://storage.googleapis.com/seismic-ground-410711.appspot.com/invoices_pdf/_invoice_18
Invoice 19,https://storage.googleapis.com/seismic-ground-410711.appspot.com/invoices_pdf/_invoice_19
Invoice 20,https://storage.googleapis.com/seismic-ground-410711.appspot.com/invoices_pdf/_invoice_20
Invoice 21,https://storage.googleapis.com/seismic-ground-410711.appspot.com/invoices_pdf/_invoice_21
Invoice 22,https://storage.googleapis.com/seismic-ground-410711.appspot.com/invoices_pdf/_invoice_22
Invoice 23,https://storage.googleapis.com/seismic-ground-410711.appspot.com/invoices_pdf/_invoice_23
Invoice 24,https://storage.googleapis.com/seismic-ground-410711.appspot.com/invoices_pdf/_invoice_24
Invoice 25,https://storage.googleapis.com/seismic-ground-410711.appspot.com/invoices_pdf/_invoice_25
Invoice 26,https://storage.googleapis.com/seismic-ground-410711.appspot.com/invoices_pdf/_invoice_26
Invoice 27,https://storage.googleapis.com/seismic-ground-410711.appspot.com/invoices_pdf/_invoice_27
Invoice 28,https://storage.googleapis.com/seismic-ground-410711.appspot.com/invoices_pdf/_invoice_28
Invoice 29,https://storage.googleapis.com/seismic-ground-410711.appspot.com/invoices_pdf/_invoice_29
Invoice 30,https://storage.googleapis.com/seismic-ground-410711.appspot.com/invoices_pdf/_invoice_30
Invoice 31,https://storage.googleapis.com/seismic-ground-410711.appspot.com/invoices_pdf/_invoice_31
Invoice 32,https://storage.googleapis.com/seismic-ground-410711.appspot.com/invoices_pdf/_invoice_32
Invoice 33,https://storage.googleapis.com/seismic-ground-410711.appspot.com/invoices_pdf/_invoice_33
Invoice 34,https://storage.googleapis.com/seismic-ground-410711.appspot.com/invoices_pdf/_invoice_34
Invoice 35,https://storage.googleapis.com/seismic-ground-410711.appspot.com/invoices_pdf/_invoice_35
Invoice 36,https://storage.googleapis.com/seismic-ground-410711.appspot.com/invoices_pdf/_invoice_36
Invoice 37,https://storage.googleapis.com/seismic-ground-410711.appspot.com/invoices_pdf/_invoice_37
Invoice 38,https://storage.googleapis.com/seismic-ground-410711.appspot.com/invoices_pdf/_invoice_38
Invoice 39,https://storage.googleapis.com/seismic-ground-410711.appspot.com/invoices_pdf/_invoice_39
Invoice 40,https://storage.googleapis.com/seismic-ground-410711.appspot.com/invoices_pdf/_invoice_40
Invoice 41,https://storage.googleapis.com/seismic-ground-410711.appspot.com/invoices_pdf/_invoice_41
Invoice 42,https://storage.googleapis.com/seismic-ground-410711.appspot.com/invoices_pdf/_invoice_42
Invoice 43,https://storage.googleapis.com/seismic-ground-410711.appspot.com/invoices_pdf/_invoice_43
Invoice 44,https://storage.googleapis.com/seismic-ground-410711.appspot.com/invoices_pdf/_invoice_44
Invoice 45,https://storage.googleapis.com/seismic-ground-410711.appspot.com/invoices_pdf/_invoice_45
Invoice 46,https://storage.googleapis.com/seismic-ground-410711.appspot.com/invoices_pdf/_invoice_46
Invoice 47,https://storage.googleapis.com/seismic-ground-410711.appspot.com/invoices_pdf/_invoice_47
Invoice 48,https://storage.googleapis.com/seismic-ground-410711.appspot.com/invoices_pdf/_invoice_48
Invoice 49,https://storage.googleapis.com/seismic-ground-410711.appspot.com/invoices_pdf/_invoice_49
Invoice 50,https://storage.googleapis.com/seismic-ground-410711.appspot.com/invoices_pdf/_invoice_50
Invoice 51,https://storage.googleapis.com/seismic-ground-410711.appspot.com/invoices_pdf/_invoice_51
Invoice 52,https://storage.googleapis.com/seismic-ground-410711.appspot.com/invoices_pdf/_invoice_52
Invoice 53,https://storage.googleapis.com/seismic-ground-410711.appspot.com/invoices_pdf/_invoice_53
Invoice 54,https://storage.googleapis.com/seismic-ground-410711.appspot.com/invoices_pdf/_invoice_54
Invoice 55,https://storage.googleapis.com/seismic-ground-410711.appspot.com/invoices_pdf/_invoice_55
Invoice 56,https://storage.googleapis.com/seismic-ground-410711.appspot.com/invoices_pdf/_invoice_56
Invoice 57,https://storage.googleapis.com/seismic-ground-410711.appspot.com/invoices_pdf/_invoice_57
Invoice 58,https://storage.googleapis.com/seismic-ground-410711.appspot.com/invoices_pdf/_invoice_58
Invoice 59,https://storage.googleapis.com/seismic-ground-410711.appspot.com/invoices_pdf/_invoice_59
Invoice 60,https://storage.googleapis.com/seismic-ground-410711.appspot.com/invoices_pdf/_invoice_60
Invoice 61,https://storage.googleapis.com/seismic-ground-410711.appspot.com/invoices_pdf/_invoice_61
Invoice 62,https://storage.googleapis.com/seismic-ground-410711.appspot.com/invoices_pdf/_invoice_62
Invoice 63,https://storage.googleapis.com/seismic-ground-410711.appspot.com/invoices_pdf/_invoice_63
Invoice 64,https://storage.googleapis.com/seismic-ground-410711.appspot.com/invoices_pdf/_invoice_64
Invoice 65,https://storage.googleapis.com/seismic-ground-410711.appspot.com/invoices_pdf/_invoice_65
Invoice 66,https://storage.googleapis.com/seismic-ground-410711.appspot.com/invoices_pdf/_invoice_66
Invoice 67,https://storage.googleapis.com/seismic-ground-410711.appspot.com/invoices_pdf/_invoice_67
Invoice 68,https://storage.googleapis.com/seismic-ground-410711.appspot.com/invoices_pdf/_invoice_68
Invoice 69,https://storage.googleapis.com/seismic-ground-410711.appspot.com/invoices_pdf/_invoice_69
Invoice 70,https://storage.googleapis.com/seismic-ground-410711.appspot.com/invoices_pdf/_invoice_70
Invoice 71,https://storage.googleapis.com/seismic-ground-410711.appspot.com/invoices_pdf/_invoice_71
Invoice 72,https://storage.googleapis.com/seismic-ground-410711.appspot.com/invoices_pdf/_invoice_72
Invoice 73,https://storage.googleapis.com/seismic-ground-410711.appspot.com/invoices_pdf/_invoice_73
Invoice 74,https://storage.googleapis.com/seismic-ground-410711.appspot.com/invoices_pdf/_invoice_74
Invoice 75,https://storage.googleapis.com/seismic-ground-410711.appspot.com/invoices_pdf/_invoice_75
Invoice 76,https://storage.googleapis.com/seismic-ground-410711.appspot.com/invoices_pdf/_invoice_76
Invoice 77,https://storage.googleapis.com/seismic-ground-410711.appspot.com/invoices_pdf/_invoice_77
Invoice 78,https://storage.googleapis.com/seismic-ground-410711.appspot.com/invoices_pdf/_invoice_78
Invoice 79,https://storage.googleapis.com/seismic-ground-410711.appspot.com/invoices_pdf/_invoice_79
Invoice 80,https://storage.googleapis.com/seismic-ground-410711.appspot.com/invoices_pdf/_invoice_80
Invoice 81,https://storage.googleapis.com/seismic-ground-410711.appspot.com/invoices_pdf/_invoice_81
Invoice 82,https://storage.googleapis.com/seismic-ground-410711.appspot.com/invoices_pdf/_invoice_82
Invoice 83,https://storage.googleapis.com/seismic-ground-410711.appspot.com/invoices_pdf/_invoice_83
Invoice 84,https://storage.googleapis.com/seismic-ground-410711.appspot.com/invoices_pdf/_invoice_84
Invoice 85,https://storage.googleapis.com/seismic-ground-410711.appspot.com/invoices_pdf/_invoice_85
Invoice 86,https://storage.googleapis.com/seismic-ground-410711.appspot.com/invoices_pdf/_invoice_86

